scenario,interval_s,loops,sleeps,timer_wakes,gpio_wakes,awake_ms,listen_ms,event_tx,retries,ack,missed_ack,rejoin,admitted,retired,durable_writes,logical_effects,standalone_health,event_contacts,first_tx_latency_ms,first_ack_latency_ms,hub_return_contact_ms,drain_ms,false_offline_samples
quiet_30m,120,654,60,60,0,11880,11880,0,0,0,0,0,0,0,0,0,15,0,-1,-1,-1,-1,0
quiet_30m,300,294,60,60,0,4680,4680,0,0,0,0,0,0,0,0,0,6,0,-1,-1,-1,-1,0
night_8h,120,10554,960,960,0,191880,191880,0,0,0,0,0,0,0,0,0,240,0,-1,-1,-1,-1,0
night_8h,300,4794,960,960,0,76680,76680,0,0,0,0,0,0,0,0,0,96,0,-1,-1,-1,-1,0
frequent_day,120,19656,179,18,161,389540,389540,11,0,11,0,0,11,11,22,11,12,11,0,40,20160,20200,0
frequent_day,300,19496,179,6,173,386340,386340,11,0,11,0,0,11,11,22,11,0,11,0,40,20160,20200,0
sporadic_day,120,1100,65,60,5,20700,20700,4,0,4,0,0,4,4,8,4,12,4,0,40,420160,420200,0
sporadic_day,300,765,65,60,5,14000,14000,4,0,4,0,0,4,4,8,4,4,4,0,40,420160,420200,0
confirmed_outage,120,3189,12,12,0,63540,63540,8,7,0,0,0,1,0,1,0,0,0,0,-1,-1,-1,0
confirmed_outage,300,3189,12,12,0,63540,63540,8,7,0,0,0,1,0,1,0,0,0,0,-1,-1,-1,0
hub_recovery,120,1213,15,15,0,23940,23940,11,3,8,0,7,8,8,16,8,1,8,0,144827,14790,15110,0
hub_recovery,300,1173,15,15,0,23140,23140,11,3,8,0,7,8,8,16,8,0,8,0,144827,14790,15110,0
lost_ack,120,117,12,12,0,2100,2100,2,1,1,1,0,1,1,2,1,2,2,0,300,0,300,0
lost_ack,300,67,12,12,0,1100,1100,2,1,1,1,0,1,1,2,1,1,2,0,300,0,300,0
delayed_ack,120,142,12,12,0,2600,2600,3,2,1,2,0,1,1,2,1,2,3,0,1000,0,1000,0
delayed_ack,300,102,12,12,0,1800,1800,3,2,1,2,0,1,1,2,1,1,3,0,1000,0,1000,0
