FIELD,BYTES,STRUCT_FORMAT,NUMBER_OF_PERSISTED_COPIES,WHO_WRITES_IT,WHO_READS_IT,WHY_PERSISTENT,REQUIRED_AFTER_REBOOT,REQUIRED_FOR_DEDUPE,REQUIRED_FOR_BACKEND,REQUIRED_FOR_ROUTINE,REQUIRED_FOR_DIAGNOSTICS,LIFETIME,CLASSIFICATION
payload schema,1,DomainEvent payload v2; native causal_input and archive Effect.payload,1 archive; temporary 1 transition; extra identity below,HubJournal payload encoder / DurableJournalSlotStore,native restore / reducer / CloudSync,decode grammar; no per-event schema string,YES,NO,YES,NO,NO,until all body owners transferred; current archive never recycled,CAN_SHARE_PER_SEGMENT
physical_device_id,1 + UTF-8 bytes (max65),DomainEvent payload v2; native causal_input and archive Effect.payload,1 archive; temporary 1 transition; extra identity below,HubJournal payload encoder / DurableJournalSlotStore,native restore / reducer / CloudSync,exact source identity,YES,YES,YES,NO,NO,until all body owners transferred; current archive never recycled,CAN_DICTIONARY_ENCODE
source_id / logical Node ID,1 + UTF-8 bytes (max25),DomainEvent payload v2; native causal_input and archive Effect.payload,1 archive; temporary 1 transition; extra identity below,HubJournal payload encoder / DurableJournalSlotStore,native restore / reducer / CloudSync,source identity; not zone,YES,YES,YES,NO,NO,until all body owners transferred; current archive never recycled,CAN_DICTIONARY_ENCODE
location / zone assignment,1 + UTF-8 bytes (max65),DomainEvent payload v2; native causal_input and archive Effect.payload,1 archive; temporary 1 transition; extra identity below,HubJournal payload encoder / DurableJournalSlotStore,native restore / reducer / CloudSync,canonical backend and routine attribution,YES,CONDITIONAL,YES,YES,NO,until all body owners transferred; current archive never recycled,CAN_DICTIONARY_ENCODE; retain immutable assignment generation
origin session,8,DomainEvent payload v2; native causal_input and archive Effect.payload,1 archive; temporary 1 transition; extra identity below,HubJournal payload encoder / DurableJournalSlotStore,native restore / reducer / CloudSync,exact EventKey,YES,YES,YES,NO,NO,until all body owners transferred; current archive never recycled,CAN_SHARE_PER_SEGMENT
sequence,8,DomainEvent payload v2; native causal_input and archive Effect.payload,1 archive; temporary 1 transition; extra identity below,HubJournal payload encoder / DurableJournalSlotStore,native restore / reducer / CloudSync,exact EventKey with gaps and retries,YES,YES,YES,NO,NO,until all body owners transferred; current archive never recycled,CAN_DELTA_ENCODE; no highest-only watermark
monotonic_ms,8,DomainEvent payload v2; native causal_input and archive Effect.payload,1 archive; temporary 1 transition; extra identity below,HubJournal payload encoder / DurableJournalSlotStore,native restore / reducer / CloudSync,source timing and episode evidence,YES,CONDITIONAL,YES,YES,NO,until all body owners transferred; current archive never recycled,CAN_DELTA_ENCODE; exact milliseconds
occurred_at,8,DomainEvent payload v2; native causal_input and archive Effect.payload,1 archive; temporary 1 transition; extra identity below,HubJournal payload encoder / DurableJournalSlotStore,native restore / reducer / CloudSync,event-time canonical payload,YES,CONDITIONAL,YES,YES,NO,until all body owners transferred; current archive never recycled,CAN_DELTA_ENCODE; ZigZag/absolute escape
received_at,8,DomainEvent payload v2; native causal_input and archive Effect.payload,1 archive; temporary 1 transition; extra identity below,HubJournal payload encoder / DurableJournalSlotStore,native restore / reducer / CloudSync,immutable original Hub timestamp in canonical backend payload,YES,CONDITIONAL,YES,YES,NO,until all body owners transferred; current archive never recycled,CAN_DELTA_ENCODE; CAN_DERIVE only if exact context relation
EventKind,1,DomainEvent payload v2; native causal_input and archive Effect.payload,1 archive; temporary 1 transition; extra identity below,HubJournal payload encoder / DurableJournalSlotStore,native restore / reducer / CloudSync,semantic dispatch,YES,YES,YES,YES,NO,until all body owners transferred; current archive never recycled,CAN_BIT_PACK
SensorType,1,DomainEvent payload v2; native causal_input and archive Effect.payload,1 archive; temporary 1 transition; extra identity below,HubJournal payload encoder / DurableJournalSlotStore,native restore / reducer / CloudSync,semantic dispatch,YES,CONDITIONAL,YES,YES,NO,until all body owners transferred; current archive never recycled,CAN_SHARE_PER_SEGMENT; presence escape
uncertainty_s,4,DomainEvent payload v2; native causal_input and archive Effect.payload,1 archive; temporary 1 transition; extra identity below,HubJournal payload encoder / DurableJournalSlotStore,native restore / reducer / CloudSync,time quality / daily assignment,YES,CONDITIONAL,YES,YES,NO,until all body owners transferred; current archive never recycled,CAN_SHARE_PER_SEGMENT; CAN_VARINT_ENCODE
battery_mv,2,DomainEvent payload v2; native causal_input and archive Effect.payload,1 archive; temporary 1 transition; extra identity below,HubJournal payload encoder / DurableJournalSlotStore,native restore / reducer / CloudSync,canonical health context; cannot remove before contract review,YES,CONDITIONAL,YES,NO,YES,until all body owners transferred; current archive never recycled,CAN_SHARE_PER_SEGMENT; default omission only lossless
is_test,1,DomainEvent payload v2; native causal_input and archive Effect.payload,1 archive; temporary 1 transition; extra identity below,HubJournal payload encoder / DurableJournalSlotStore,native restore / reducer / CloudSync,exclude test input / canonical payload,YES,CONDITIONAL,YES,YES,NO,until all body owners transferred; current archive never recycled,CAN_BIT_PACK
rssi_dbm,2,DomainEvent payload v2; native causal_input and archive Effect.payload,1 archive; temporary 1 transition; extra identity below,HubJournal payload encoder / DurableJournalSlotStore,native restore / reducer / CloudSync,canonical receive diagnostic; current payload includes it,YES,CONDITIONAL,YES,NO,YES,until all body owners transferred; current archive never recycled,CAN_SHARE_PER_SEGMENT; ZigZag/presence
motion aggregate present,1,DomainEvent payload v2; native causal_input and archive Effect.payload,1 archive; temporary 1 transition; extra identity below,HubJournal payload encoder / DurableJournalSlotStore,native restore / reducer / CloudSync,matches kind MotionSummary,YES,NO,YES,YES,NO,until all body owners transferred; current archive never recycled,REDUNDANT when versioned kind unambiguously selects extension
summary additional_count,4 when summary,DomainEvent payload v2; native causal_input and archive Effect.payload,1 archive; temporary 1 transition; extra identity below,HubJournal payload encoder / DurableJournalSlotStore,native restore / reducer / CloudSync,immutable coalesced motion evidence,YES,CONDITIONAL,YES,YES,NO,until all body owners transferred; current archive never recycled,MUST_STORE_PER_EVENT; unsigned varint
summary first_ms,8 when summary,DomainEvent payload v2; native causal_input and archive Effect.payload,1 archive; temporary 1 transition; extra identity below,HubJournal payload encoder / DurableJournalSlotStore,native restore / reducer / CloudSync,coalesced duration/time evidence,YES,CONDITIONAL,YES,YES,NO,until all body owners transferred; current archive never recycled,CAN_DELTA_ENCODE
summary last_ms,8 when summary,DomainEvent payload v2; native causal_input and archive Effect.payload,1 archive; temporary 1 transition; extra identity below,HubJournal payload encoder / DurableJournalSlotStore,native restore / reducer / CloudSync,coalesced duration/time evidence,YES,CONDITIONAL,YES,YES,NO,until all body owners transferred; current archive never recycled,CAN_DELTA_ENCODE
literal installation / household ID,0 per payload; owner-domain hash32 in checkpoint,ownership registry / checkpoint,shared domain; no repeated literal installation string,commissioning / checkpoint,restore / authenticated ownership checks,bind enrolled owner/security domain,YES,YES,CONDITIONAL,NO,NO,installation lifetime / authorized re-enrollment,CAN_SHARE_PER_SEGMENT; exact authenticated registry mapping required
transition EventIdentity,2 length bytes + physical/logical strings +16,native Transition event envelope,1 transition + same values already in causal payload,native transition codec,restore / admission,current exact transition evidence,YES,YES,NO,NO,NO,uncovered transition tail,REDUNDANT within canonical body; context/reference instead
enrollment slot,1,Transition / evidence row,1 transition then 1 evidence,owner resolver / checkpoint,dedupe / retirement,exact authenticated enrollment mapping,YES,YES,CONDITIONAL,NO,NO,until retirement proof,CAN_DICTIONARY_ENCODE; RAM hash alone forbidden
enrollment generation,4,Transition / evidence / retirement snapshot,1 per row plus shared report,owner resolver / checkpoint / report,restore / dedupe,avoid cross-enrollment replay,YES,YES,CONDITIONAL,YES,NO,generation lifetime + live old keys,CAN_SHARE_PER_SEGMENT; bounded dictionary escape
payload HMAC digest,32,Transition.event_digest / DedupeEvidenceEntry.digest,1 transition then 1 evidence; archive ID also repeats truncated28,durable store / evidence checkpoint,restore / duplicate conflict,canonical payload equality after body dropped,YES,YES,NO (backend uses separate SHA256),NO,NO,until exact retirement or full authenticated body available,CAN_REMOVE only while full immutable body is available and exactly compared; never fingerprint-only dedupe
transition magic / schema,4 +1,GDT1 native header,1 each transition,Codec,restore,format discovery,YES,NO,NO,NO,NO,record lifetime,CAN_SHARE_PER_SEGMENT
storage epoch,4,native transition/chunk/evidence/checkpoint/bitmap/report,1 each object,Codec / owner,restore / authenticated domain,reject stale storage epoch,YES,YES,NO,NO,NO,storage domain lifetime,CAN_SHARE_PER_SEGMENT; never reset for capacity
transition ordinal,8,Transition header,1 each transition,durability owner,restore / covered-tail replay,ordered exact application,YES,CONDITIONAL,NO,YES,NO,until checkpoint coverage,CAN_DELTA_ENCODE; root-covered boundary
config version / hash,4 +32,Transition / checkpoint,1 each transition plus root checkpoint,runtime / Codec,restore / reducer,replay same rule/config semantics,YES,NO,CONDITIONAL,YES,NO,until all dependent records retired,CAN_SHARE_PER_SEGMENT; immutable config binding
transition type,1,native header enum,1,Codec,restore,event/control transaction grammar,YES,NO,NO,YES,NO,tail lifetime,CAN_BIT_PACK
event / decision lengths and effect count,2 +2 +1,Transition header,1,Codec,restore,bounded framing,YES,NO,NO,NO,NO,record lifetime,MUST_STORE_PER_EVENT if variable; share invariant limits
transition reserved zero padding,13,native72-byte header,1,Codec,restore,current grammar,YES current format,NO,NO,NO,NO,record lifetime,REDUNDANT in new version; preserve old reader
reducer decision / causal effect payload,variable bounded,Transition.decision and effects,tail + materialized checkpoint / archive where referenced,durable reducer,recovery / cloud,exact local effect replay,YES,NO,CONDITIONAL,YES,NO,until checkpoint/effect completion,CAN_REPLACE_WITH_AGGREGATE only after committed effect materialization
effect ID,32,Effect and archive entry,1 each effect; first4 slot then28 payload HMAC for journal archive,native archive flush,restore / reference owner,stable effect ownership,YES,CONDITIONAL,CONDITIONAL (not current backend source key),NO,NO,pending/history ownership lifetime,CAN_DERIVE from full source identity / stable logical ordinal; contract required
archive effect kind / payload length,2 +2,PendingEffectChunk,1 per entry,Codec,restore,entry grammar,YES,NO,NO,NO,NO,body lifetime,CAN_BIT_PACK kind; length retained bounded
archive header,64 plaintext,GEC1 plus schema epoch chunk_id count / zero pad,1 per four-event chunk currently,Codec,restore,chunk discovery / ownership,YES,NO,NO,NO,NO,chunk lifetime,CAN_SHARE_PER_SEGMENT; eliminate native repeated padding in new version
evidence header,18 plaintext actual,GDE1 schema epoch chunk_id count,1 per up to4 entries; defensive cap differs,Codec,checkpoint verification,exact-key certificate container,YES,YES,NO,NO,NO,until all entries retired,CAN_SHARE_PER_SEGMENT
exact evidence EventKey,21,enrollment slot1 +generation4 +origin8 +sequence8,"1 per evidence entry, payload already has source key",checkpoint,dedupe / retirement,exact key after payload no longer required,YES,YES,NO,NO,NO,until safe Node report retires,CAN_DELTA_ENCODE; safe certificate instead of full body
backend completion receipt,32,HMAC over completion context / slot / EventKey,1 per completed slot; no second payload,mark_backend_committed,restore / pending enumeration,backend application COMMITTED evidence,YES,NO,YES,NO,NO,until selected lifecycle makes body reclaimable,CAN_SHARE_PER_SEGMENT via authenticated completion bitmap transaction
native completion bitmap,384 total =59 semantic plaintext +297 zero padding +28 AEAD,magic4/schema1/epoch4/generation8/checkpoint_generation8/mapping_digest32/bits2/padding297,2 banks where used,DurableStateTransitions,restore,durable effect completion mapping,YES,NO,YES,NO,NO,generation lifetime,CAN_SHARE_PER_SEGMENT; sparse changed ranges proposal
checkpoint generation / covered ordinal,8 +8,Checkpoint,2 banks,checkpoint,restore,select materialized state and exact tail,YES,YES,NO,YES,NO,until all recovery roots replaced,PER_CHECKPOINT
checkpoint opaque reducer state,2 length +variable,Checkpoint.reducer_state,2 selected/previous banks; no independent current routine model in target,reducer snapshot provider,restore,authoritative local state,YES,NO,CONDITIONAL,YES,NO,current/previous recovery generation,PER_CHECKPOINT; bounded incremental model proposed
checkpoint pending effect refs,1 count +10 each,ordinal8 / index1 / encoded location1,2 banks,checkpoint,restore / outbox,payload references; no copy,YES,NO,YES,NO,NO,until completion,CAN_SHARE_PER_SEGMENT; RAM caches rebuilt
checkpoint chunk refs,1 count +8 each,PendingEffectChunk IDs,2 banks,checkpoint,restore,locate bodies,YES,NO,YES,NO,NO,until all owners release,CAN_DERIVE physical lookup from authenticated directory
checkpoint evidence refs,1 count +40 each,chunk_id8 +HMAC32,2 banks,checkpoint,restore / exact dedupe,authenticate child evidence,YES,YES,NO,NO,NO,until exact retirement,CAN_SHARE_PER_SEGMENT; root-authenticated child inventory
checkpoint report ref,1 presence +41 if present,bank1 generation8 digest32,2 banks,checkpoint,restore / retirement,exact selected report snapshot,YES,YES,NO,NO,NO,report generation lifetime,PER_CHECKPOINT
checkpoint ownership / migration fields,owner32 +frontier2 +flags1,fresh schema4,2 banks,checkpoint / migration,restore / owner validation,qualified current fresh-install auth domain; legacy scope separate,YES,YES,NO,NO,NO,installation/storage generation,PER_CHECKPOINT; do not remove ownership
checkpoint selector,13 plaintext +28 AEAD =41,GDS1 generation8 bank1,2 selectors,checkpoint publish,restore,select complete checkpoint,YES,YES,NO,YES,NO,until safe replacement,PER_CHECKPOINT / dual-root replacement proof required
retirement snapshot header,19 plaintext,magic/version/epoch/generation/node count,up to3 snapshot banks,retirement report handler,restore / retirement,selected report generation,YES,YES,NO,NO,NO,until replacement proves old keys retired,PER_CHECKPOINT / shared report block
per-Node retirement report identity,4 +8 +32,enrollment_generation/report_generation/report MAC,6 nodes each per snapshot,authenticated Node report handler,restore / dedupe,authenticated monotone report,YES,YES,NO,NO,NO,until newer report durably selected,CAN_SHARE_PER_SEGMENT; delta only with independently selected snapshot
per-Node current origin / high water / pending count,8 +8 +1,retirement snapshot node row,6 per snapshot,report handler,retirement validator,watermark unsafe without complete pending/gap set,YES,YES,NO,NO,NO,report lifetime,CAN_DELTA_ENCODE; never discard gaps
per-Node pending exact keys,16 each; up to32,origin8 /sequence8; other binding shared,up to192 per six-node snapshot,Node retained-report handler,Hub exact retirement,negative/exclusion retirement proof,YES,YES,NO,NO,NO,until newer selected report,CAN_SHARE_PER_SEGMENT / CAN_DELTA_ENCODE
native retirement snapshot total,3485 for six nodes each32; cap5777 for10,19 +6*(4+8+32+8+8+1+32*16)+28,up to3 selected/staging banks,Codec,restore,report proof; legacy inspection max6096 is different,YES,YES,NO,NO,NO,report generation lifetime,NOT per-event; retain independently recoverable snapshot
nonce,12,native AEAD blobs,1 each encrypted object; transient slot is separate,crypto seal,crypto open,unique nonce per key,YES,NO,NO,NO,NO,ciphertext lifetime; never reuse key/nonce,CAN_DERIVE from durably reserved serial+offset only after nonce proof
AEAD authentication tag,16,native AES-GCM,1 each object,crypto seal,crypto open,authenticated integrity/confidentiality,YES,YES,NO,NO,NO,ciphertext lifetime,PER_RECORD HOT; PER_SEGMENT immutable WARM possible
CRC,0 in current native encrypted blobs,experimental codec CRC4 only,0 native,none native,none native,AEAD provides required corruption check,NO independent,NO,NO,NO,NO,not current native persistence,REDUNDANT with correctly authenticated future frame; prototype CRC not auth
record length / commit marker,codec-specific lengths; no separate native application commit word,NVS atomic blob and native selection,per object; NVS physical overhead unknown,NVS store / checkpoint,restore,torn commit recovery,YES,YES,NO,NO,NO,object lifetime,PER_RECORD HOT length2 marker4 proposed; PER_BLOCK WARM length/extent/tag commit
backend identity / backend digest,no additional persistent strings in Hub outbox,CloudSync derives EventKey canonical JSON / backend SHA256,derived from stored DomainEvent; no outbox full copy,CloudSync,backend COMMITTED reply validator,stable idempotent canonical retry,YES via canonical body,YES,YES,NO,NO,until durable matching acceptance,CAN_DERIVE; do not alter receive timestamp or payload
recent history metadata,0 standalone full payload copy,archive remains readable; no safe reclamation today,shares archive,journal,local restore / diagnostics,historical cache semantics not separately implemented,CONDITIONAL,NO,NO,CONDITIONAL,YES,currently immutable historical lifetime,RAM_ONLY index; ownership policy needed
NodeHealth frames / last contact,0 sequenced-event body by themselves,runtime latest-health / contact state,RAM-only current status; configuration elsewhere,RX runtime,coverage / health,liveness coverage input distinct from activity,proposed coverage checkpoint YES,NO,CONDITIONAL,YES,YES,bounded lease/contact state,RAM_ONLY instantaneous samples; persist coverage/state transitions as required
migration manifest,218 each bank; 436 two,18 authenticated header incl nonce12 +184 encrypted body +tag16,2 optional legacy migration banks,migration coordinator,migration restore,dev-era migration only; fresh R1 not automatic requirement,conditional legacy,NO fresh R1,NO,NO,NO,optional migration lifetime,"HISTORICAL_LEGACY; preserve tests, do not budget as fresh core per-event"
new routine coverage / daily fields,not fully present in current target; candidate2560 +512,proposed fixed-point model/current day,checkpoint children; one selected/old COW state,future routine reducer,recovery / backend daily effect,NO_ACTIVITY distinct from NO_OBSERVATION,YES requirement,NO,YES,YES,NO,bounded state; daily backlog retention OPEN,CAN_REPLACE_WITH_AGGREGATE after approved backend substitution; never fabricate coverage
home installation ID,16 raw; home- plus32 hex derived,gs_home/id,1 shared plus registry text,HubSecurityLink,ownership/security domain,authenticated ownership/security context,YES,YES,CONDITIONAL,NO,NO,installation/enrollment lifetime; secure replacement only,CAN_SHARE_PER_SEGMENT via exact authenticated selected mapping
wrapping key,32,gs_security/wrap_key,1 shared,target_wrapping_key,registry/key derivation,authenticated ownership/security context,YES,YES,NO,NO,NO,installation/enrollment lifetime; secure replacement only,MANDATORY_SECURITY; never repeated event key bytes
installation code,32 Key32 buffer,gs_factory/install_code (factory provided),1 factory where provisioned,manufacturing; no production auto-generation,commissioning,authenticated ownership/security context,YES,NO,NO,NO,NO,installation/enrollment lifetime; secure replacement only,MANDATORY_SECURITY; not per-event
Hub production signing identity,P256 scalar32 logical; provider persistent overhead unknown,protected persistent PSA ID0x7001,provider-owned shared,manufacturing,TargetIdentitySigner,authenticated ownership/security context,YES,NO,NO,NO,NO,installation/enrollment lifetime; secure replacement only,MANDATORY_SECURITY; no secrets copied into event context
development signing scalar,32,gs_dev_ident/private_p256 only HIL builds,1 development profile only,HIL identity initializer,HIL signer,authenticated ownership/security context,YES development,NO,NO,NO,NO,installation/enrollment lifetime; secure replacement only,OUTSIDE production no-HIL storage baseline
registry header magic/schema/flags,4+1+1,GSRG2 header,1 snapshot,HubRegistryRepository,registry restore,authenticated ownership/security context,YES,YES,NO,NO,NO,installation/enrollment lifetime; secure replacement only,PER_CHECKPOINT; mandatory security version
registry generation,8,GSRG2 header,1 snapshot,HubRegistryRepository,registry restore,authenticated ownership/security context,YES,YES,NO,NO,NO,installation/enrollment lifetime; secure replacement only,PER_CHECKPOINT; monotone selection
registry nonce / length / tag,12+2+16,GSRG2 header/ciphertext footer,1 snapshot,HubRegistryRepository crypto,registry restore,authenticated ownership/security context,YES,YES,NO,NO,NO,installation/enrollment lifetime; secure replacement only,MANDATORY_SECURITY; not per-event
registry home_id / hub_id,"1+string each, max65 each",registry plaintext,1 each snapshot; home raw separately,registry snapshot,ownership / key derivation,authenticated ownership/security context,YES,YES,CONDITIONAL,NO,NO,installation/enrollment lifetime; secure replacement only,CAN_SHARE_PER_SEGMENT as authenticated dictionary context
registry active / revoked counts,1+1,registry plaintext,1 snapshot,registry snapshot,registry restore,authenticated ownership/security context,YES,YES,NO,NO,NO,installation/enrollment lifetime; secure replacement only,MANDATORY_SECURITY; bounded decode
registry physical/logical/room/function strings,1+string each; bounds65/25/25/25,active registry row,1 per enrolled row; physical repeats descriptor,registry snapshot,ownership / assignment dictionary,authenticated ownership/security context,YES,YES,YES,YES,NO,installation/enrollment lifetime; secure replacement only,CAN_DICTIONARY_ENCODE for events; immutable assignment must outlive dependent events
registry Node P256 public key / radio MAC,65+6,active registry row,1 per enrolled Node,registry snapshot,authenticated commissioning / radio source,authenticated ownership/security context,YES,YES,NO,NO,NO,installation/enrollment lifetime; secure replacement only,"MANDATORY_SECURITY; shared context, not event payload"
registry last session / quarantine,8+1,active registry row,1 per enrolled Node,authenticated rejoin / registry snapshot,session replay / access checks,authenticated ownership/security context,YES,YES,NO,CONDITIONAL,NO,installation/enrollment lifetime; secure replacement only,MANDATORY_SECURITY; no unsafe generation reset
registry Hub public key / installation key,65+32,active binding row,1 per enrolled Node,commissioning / registry snapshot,rejoin / transport key derivation,authenticated ownership/security context,YES,YES,NO,NO,NO,installation/enrollment lifetime; secure replacement only,MANDATORY_SECURITY; shared key context cannot be omitted for flash savings
registry enrollment slot,1,active registry row,1 per active Node,registry snapshot,exact ownership lookup,authenticated ownership/security context,YES,YES,CONDITIONAL,NO,NO,installation/enrollment lifetime; secure replacement only,CAN_DICTIONARY_ENCODE
revoked device ID,1+string max65,registry revoked list,1 per tombstone,authorized removal snapshot,reject revoked sources,authenticated ownership/security context,YES,YES,NO,NO,NO,installation/enrollment lifetime; secure replacement only,MANDATORY_SECURITY; lifetime/progress bounded protocol required
enrollment table magic/count/flags,4+1+1,GOWN table,1 snapshot,registry snapshot,ownership restore,authenticated ownership/security context,YES,YES,NO,NO,NO,installation/enrollment lifetime; secure replacement only,PER_CHECKPOINT
enrollment descriptor state / generation / ID / digest,1+4+1+string(max64)+32,fixed enrollment table; existing capacity10,1 per descriptor,registry snapshot,current / historical exact ownership,authenticated ownership/security context,YES,YES,CONDITIONAL,NO,NO,installation/enrollment lifetime; secure replacement only,MANDATORY_SECURITY; compact mapping still needs full exact provenance
registry migration phase / source epoch / checkpoint / digest,1+4+8+32,registry migration barrier,1 snapshot,registry migration / fresh activation,durable owner activation,authenticated ownership/security context,YES,YES,NO,NO,NO,installation/enrollment lifetime; secure replacement only,PER_CHECKPOINT; preserve qualified fresh-install behavior
derived journal key,0 independently persisted; derived32 RAM,HKDF home/hub context over wrapping key,0 additional key blob,HubSecurityLink HKDF,journal seal/open,authenticated ownership/security context,YES via derivable sources,YES,NO,NO,NO,installation/enrollment lifetime; secure replacement only,CAN_DERIVE; never duplicate per event
