scenario,profile,worst,option,bucket_seconds,checkpoint_records,reserve_events,exact,essential_exact,source_summary_exact,summaries,summarized_sources,payload_bytes,history_segments,cow_segments,live_entry_bytes,nvs_lower_bound,protected_peak_bytes
NORMAL,ordinary,False,bucket,3600,128,32,430,53,374,288,746,23962,8,4,139360,147456,151552
NORMAL,ordinary,True,bucket,3600,128,32,430,53,374,288,746,61372,24,8,225248,233472,237568
NORMAL,mixed,False,bucket,3600,128,32,728,433,338,197,448,22772,7,4,135168,143360,147456
NORMAL,mixed,True,bucket,3600,128,32,728,433,338,197,448,86108,34,8,267168,278528,282624
NORMAL,door_user,False,bucket,3600,128,32,959,809,174,146,217,22553,7,4,135168,143360,147456
NORMAL,door_user,True,bucket,3600,128,32,959,809,174,146,217,105986,42,8,300704,311296,315392
NORMAL,node_loss,False,bucket,3600,128,32,737,435,338,194,441,22745,7,4,135168,143360,147456
NORMAL,node_loss,True,bucket,3600,128,32,737,435,338,194,441,86864,34,8,267168,278528,282624
NORMAL,simultaneous,False,bucket,3600,128,32,430,53,374,48,746,15322,5,4,126784,135168,139264
NORMAL,simultaneous,True,bucket,3600,128,32,430,53,374,48,746,52732,21,8,212672,221184,225280
NORMAL,saturation,False,bucket,3600,128,32,728,433,338,197,448,22772,7,4,135168,143360,147456
NORMAL,saturation,True,bucket,3600,128,32,728,433,338,197,448,86108,34,8,267168,278528,282624
NORMAL,reboot,False,bucket,3600,128,32,728,433,338,197,448,22772,7,4,135168,143360,147456
NORMAL,reboot,True,bucket,3600,128,32,728,433,338,197,448,86108,34,8,267168,278528,282624
NORMAL,comparison,True,exact,3600,128,32,1176,53,374,0,0,121128,48,2,300704,311296,315392
NORMAL,comparison,True,bucket,300,128,32,430,53,374,746,746,77860,30,8,250400,262144,266240
NORMAL,comparison,True,bucket,900,128,32,430,53,374,746,746,77860,30,8,250400,262144,266240
NORMAL,comparison,True,bucket,1800,128,32,430,53,374,568,746,71452,28,8,242016,253952,258048
NORMAL,comparison,True,bucket,3600,128,32,430,53,374,288,746,61372,24,8,225248,233472,237568
NORMAL,reserve_64,True,bucket,3600,128,64,430,53,374,288,746,61372,24,8,233632,241664,245760
NORMAL,reserve_128,True,bucket,3600,128,128,430,53,374,288,746,61372,24,8,250400,262144,266240
HIGH,ordinary,False,bucket,3600,128,32,1899,129,1751,439,3453,77265,24,4,206432,217088,221184
HIGH,ordinary,True,bucket,3600,128,32,1899,129,1751,439,3453,242478,94,8,518688,532480,536576
HIGH,mixed,False,bucket,3600,128,32,3278,1921,1538,298,2074,81842,25,4,210624,221184,225280
HIGH,mixed,True,bucket,3600,128,32,3278,1921,1538,298,2074,367028,143,8,724096,741376,745472
HIGH,door_user,False,bucket,3600,128,32,4366,3723,731,273,986,88558,27,4,219008,229376,233472
HIGH,door_user,True,bucket,3600,128,32,4366,3723,731,273,986,468400,182,8,887584,909312,913408
HIGH,node_loss,False,bucket,3600,128,32,3309,1923,1538,293,2045,81897,25,4,210624,221184,225280
HIGH,node_loss,True,bucket,3600,128,32,3309,1923,1538,293,2045,369780,144,8,728288,745472,749568
HIGH,simultaneous,False,bucket,3600,128,32,1899,129,1751,224,3453,69525,22,4,198048,208896,212992
HIGH,simultaneous,True,bucket,3600,128,32,1899,129,1751,224,3453,234738,92,8,510304,524288,528384
HIGH,saturation,False,bucket,3600,128,32,3278,1921,1538,298,2074,81842,25,4,210624,221184,225280
HIGH,saturation,True,bucket,3600,128,32,3278,1921,1538,298,2074,367028,143,8,724096,741376,745472
HIGH,reboot,False,bucket,3600,128,32,3278,1921,1538,298,2074,81842,25,4,210624,221184,225280
HIGH,reboot,True,bucket,3600,128,32,3278,1921,1538,298,2074,367028,143,8,724096,741376,745472
HIGH,comparison,True,exact,3600,128,32,5352,129,1751,0,0,551256,215,2,1000768,1024000,1028096
HIGH,comparison,True,bucket,300,128,32,1899,129,1751,3365,3453,347814,134,8,686368,704512,708608
HIGH,comparison,True,bucket,900,128,32,1899,129,1751,1260,3453,272034,105,8,564800,581632,585728
HIGH,comparison,True,bucket,1800,128,32,1899,129,1751,712,3453,252306,98,8,535456,548864,552960
HIGH,comparison,True,bucket,3600,128,32,1899,129,1751,439,3453,242478,94,8,518688,532480,536576
HIGH,reserve_64,True,bucket,3600,128,64,1899,129,1751,439,3453,242478,94,8,527072,540672,544768
HIGH,reserve_128,True,bucket,3600,128,128,1899,129,1751,439,3453,242478,94,8,543840,557056,561152
STRESS,ordinary,False,bucket,3600,128,32,24423,1373,22789,2448,45297,886569,274,4,1254432,1282048,1286144
STRESS,ordinary,True,bucket,3600,128,32,24423,1373,22789,2448,45297,3011370,1173,8,5041856,5128192,5132288
STRESS,mixed,False,bucket,3600,128,32,42679,25230,19779,1682,27041,986785,302,4,1371808,1400832,1404928
STRESS,mixed,True,bucket,3600,128,32,42679,25230,19779,1682,27041,4699858,1826,8,7779232,7909376,7913472
STRESS,door_user,False,bucket,3600,128,32,56838,48561,9387,1656,12882,1084962,331,4,1493376,1523712,1527808
STRESS,door_user,True,bucket,3600,128,32,56838,48561,9387,1656,12882,6029868,2341,8,9938112,10100736,10104832
STRESS,node_loss,False,bucket,3600,128,32,43069,25232,19779,1657,26653,988633,303,4,1376000,1404928,1409024
STRESS,node_loss,True,bucket,3600,128,32,43069,25232,19779,1657,26653,4735636,1840,8,7837920,7966720,7970816
STRESS,simultaneous,False,bucket,3600,128,32,24423,1373,22789,2336,45297,882537,274,4,1254432,1282048,1286144
STRESS,simultaneous,True,bucket,3600,128,32,24423,1373,22789,2336,45297,3007338,1173,8,5041856,5128192,5132288
STRESS,saturation,False,bucket,3600,128,32,42679,25230,19779,1682,27041,986785,302,4,1371808,1400832,1404928
STRESS,saturation,True,bucket,3600,128,32,42679,25230,19779,1682,27041,4699858,1826,8,7779232,7909376,7913472
STRESS,reboot,False,bucket,3600,128,32,42679,25230,19779,1682,27041,986785,302,4,1371808,1400832,1404928
STRESS,reboot,True,bucket,3600,128,32,42679,25230,19779,1682,27041,4699858,1826,8,7779232,7909376,7913472
STRESS,comparison,True,exact,3600,128,32,69720,1373,22789,0,0,7181160,2789,2,11790976,11984896,11988992
STRESS,comparison,True,bucket,300,128,32,24423,1373,22789,5466,45297,3120018,1210,8,5196960,5283840,5287936
STRESS,comparison,True,bucket,900,128,32,24423,1373,22789,3274,45297,3041106,1182,8,5079584,5165056,5169152
STRESS,comparison,True,bucket,1800,128,32,24423,1373,22789,2725,45297,3021342,1174,8,5046048,5132288,5136384
STRESS,comparison,True,bucket,3600,128,32,24423,1373,22789,2448,45297,3011370,1173,8,5041856,5128192,5132288
STRESS,reserve_64,True,bucket,3600,128,64,24423,1373,22789,2448,45297,3011370,1173,8,5050240,5136384,5140480
STRESS,reserve_128,True,bucket,3600,128,128,24423,1373,22789,2448,45297,3011370,1173,8,5067008,5152768,5156864
