AT_MONOTONIC_SECONDS,ANNOTATION,NODE_SELECTOR,EXPECTED_CONSTRAINT,STATUS
0,HUB_ONLINE,ALL,current time trust must be explicit,DESIGN_TRACE_ANNOTATION_NOT_EXECUTED_FAILURE_TEST
0,BACKEND_AVAILABLE,ALL,normal connected sync starts immediately,DESIGN_TRACE_ANNOTATION_NOT_EXECUTED_FAILURE_TEST
3600,BACKEND_UNAVAILABLE,ALL,source episode behavior remains online; local learning continues,DESIGN_TRACE_ANNOTATION_NOT_EXECUTED_FAILURE_TEST
7200,NODE_POWER_OFF,0,no observation from Node0; not resident inactivity,DESIGN_TRACE_ANNOTATION_NOT_EXECUTED_FAILURE_TEST
9000,NODE_REJOIN,0,fresh authenticated contact; retained origin keys survive,DESIGN_TRACE_ANNOTATION_NOT_EXECUTED_FAILURE_TEST
9001,RETAINED_DUPLICATE,0,same immutable key/body; no double local/backend effect,DESIGN_TRACE_ANNOTATION_NOT_EXECUTED_FAILURE_TEST
12000,NODE_HEALTH,1,unsequenced latest coverage contact; not activity,DESIGN_TRACE_ANNOTATION_NOT_EXECUTED_FAILURE_TEST
43200,CRITICAL_SOURCE_EVENT,2,CallFamily domain example; physical button not claimed,DESIGN_TRACE_ANNOTATION_NOT_EXECUTED_FAILURE_TEST
86400,DAILY_CONCLUSION,ALL,Day1 identity/revision; partial Node0 coverage,DESIGN_TRACE_ANNOTATION_NOT_EXECUTED_FAILURE_TEST
90000,INTERNET_UNAVAILABLE,ALL,cloud outage separate from radio health,DESIGN_TRACE_ANNOTATION_NOT_EXECUTED_FAILURE_TEST
172740,NODE_POWER_OFF,3,unavailable through midnight,DESIGN_TRACE_ANNOTATION_NOT_EXECUTED_FAILURE_TEST
172800,DAILY_CONCLUSION,ALL,Day2 quality includes missing Node3; independently pending,DESIGN_TRACE_ANNOTATION_NOT_EXECUTED_FAILURE_TEST
180000,NODE_REJOIN,3,retained previous-day activity cannot prove outage coverage,DESIGN_TRACE_ANNOTATION_NOT_EXECUTED_FAILURE_TEST
180001,RETAINED_OUT_OF_ORDER,3,exact-key lookup; late-time handling remains policy dependent,DESIGN_TRACE_ANNOTATION_NOT_EXECUTED_FAILURE_TEST
181000,INTERNET_RESTORED,ALL,resume without PWA-open trigger,DESIGN_TRACE_ANNOTATION_NOT_EXECUTED_FAILURE_TEST
181001,BACKEND_AVAILABLE,ALL,automatic backlog plus fresh-event fairness,DESIGN_TRACE_ANNOTATION_NOT_EXECUTED_FAILURE_TEST
181005,DAY1_BACKFILL,ALL,same DayKey/revision; no duplicate days,DESIGN_TRACE_ANNOTATION_NOT_EXECUTED_FAILURE_TEST
181006,DAY2_BACKFILL,ALL,same DayKey/revision; no duplicate days,DESIGN_TRACE_ANNOTATION_NOT_EXECUTED_FAILURE_TEST
181007,BACKEND_ACCEPTED_RESPONSE_LOST,2,retry exact same object; do not infer local completion,DESIGN_TRACE_ANNOTATION_NOT_EXECUTED_FAILURE_TEST
181008,LIVE_SOURCE_DURING_BACKFILL,4,new semantic input must not starve,DESIGN_TRACE_ANNOTATION_NOT_EXECUTED_FAILURE_TEST
259200,DAILY_CONCLUSION,ALL,Day3 stable identity; trusted-time eligibility required,DESIGN_TRACE_ANNOTATION_NOT_EXECUTED_FAILURE_TEST
